model,experiment,mse,mae,corr
FC,main,0.29415422677993774,0.4393814504146576,0.41572470974486864
RNN,main,0.3608991205692291,0.5008312463760376,0.32679622187662666
LSTM,main,0.31311777234077454,0.45975103974342346,0.31466214605767434
